attack,group,parameter_name,parameter_symbol,parameter_value,psnr_watermarked_vs_attacked,accuracy,ber,predicted_ones,threshold,blocks_used,available_blocks,start_x,start_y,phase_sign,extract_stride,embed_gap,region_size,qr_size,embed_x,embed_y,embed_offset,phi,q
contrast,pixel_value,alpha,α,0.7,16.067287158060797,0.8429506246281975,0.15704937537180252,840,0.0,36,36,5,8,-1,128,1,256,41,32,32,16,1.0471975511965976,1358.6731707317074
contrast,pixel_value,alpha,α,0.8,19.56285292126991,0.8429506246281975,0.15704937537180252,840,0.0,36,36,5,8,-1,128,1,256,41,32,32,16,1.0471975511965976,1358.6731707317074
contrast,pixel_value,alpha,α,0.9,25.434382153432885,0.8429506246281975,0.15704937537180252,840,0.0,36,36,5,8,-1,128,1,256,41,32,32,16,1.0471975511965976,1358.6731707317074
contrast,pixel_value,alpha,α,1,inf,0.8441403926234384,0.15585960737656157,840,0.0,36,36,5,8,-1,128,1,256,41,32,32,16,1.0471975511965976,1358.6731707317074
contrast,pixel_value,alpha,α,1.1,25.982729213823358,0.8429506246281975,0.15704937537180252,840,0.0,36,36,5,8,-1,128,1,256,41,32,32,16,1.0471975511965976,1358.6731707317074
contrast,pixel_value,alpha,α,1.2,19.924841798325986,0.8417608566329565,0.15823914336704348,840,0.0,36,36,5,8,-1,128,1,256,41,32,32,16,1.0471975511965976,1358.6731707317074
contrast,pixel_value,alpha,α,1.3,16.6397934393834,0.835812016656752,0.16418798334324802,840,0.0,36,36,5,8,-1,128,1,256,41,32,32,16,1.0471975511965976,1358.6731707317074
rot_rest,geometric,angle_deg,φ,0,inf,0.8441403926234384,0.15585960737656157,840,0.0,36,36,5,8,-1,128,1,256,41,32,32,16,1.0471975511965976,1358.6731707317074
rot_rest,geometric,angle_deg,φ,7,30.54119573981167,0.8132064247471743,0.1867935752528257,840,0.0,36,36,5,8,-1,128,1,256,41,32,32,16,1.0471975511965976,1358.6731707317074
rot_rest,geometric,angle_deg,φ,14,30.615805618375465,0.8060678167757287,0.1939321832242713,840,0.0,36,36,5,8,-1,128,1,256,41,32,32,16,1.0471975511965976,1358.6731707317074
rot_rest,geometric,angle_deg,φ,21,30.65471737528128,0.801308744794765,0.198691255205235,840,0.0,36,36,5,8,-1,128,1,256,41,32,32,16,1.0471975511965976,1358.6731707317074
rot_rest,geometric,angle_deg,φ,28,30.709154451517783,0.7989292088042832,0.2010707911957168,840,0.0,36,36,5,8,-1,128,1,256,41,32,32,16,1.0471975511965976,1358.6731707317074
rot_rest,geometric,angle_deg,φ,35,30.74386159001071,0.8143961927424153,0.18560380725758474,840,0.0,36,36,5,8,-1,128,1,256,41,32,32,16,1.0471975511965976,1358.6731707317074
rot_rest,geometric,angle_deg,φ,42,30.76169559681468,0.8120166567519334,0.18798334324806665,840,0.0,36,36,5,8,-1,128,1,256,41,32,32,16,1.0471975511965976,1358.6731707317074
rotation,geometric,angle_deg,φ,1,16.52472139402471,0.5121951219512195,0.4878048780487805,840,0.0,36,36,5,8,-1,128,1,256,41,32,32,16,1.0471975511965976,1358.6731707317074
rotation,geometric,angle_deg,φ,9.9,11.344325471375685,0.4812611540749554,0.5187388459250446,840,0.0,36,36,5,8,-1,128,1,256,41,32,32,16,1.0471975511965976,1358.6731707317074
rotation,geometric,angle_deg,φ,18.8,10.309646276228728,0.5062462819750149,0.49375371802498513,840,0.0,36,36,5,8,-1,128,1,256,41,32,32,16,1.0471975511965976,1358.6731707317074
rotation,geometric,angle_deg,φ,27.7,9.742487580525257,0.5121951219512195,0.4878048780487805,840,0.0,36,36,5,8,-1,128,1,256,41,32,32,16,1.0471975511965976,1358.6731707317074
rotation,geometric,angle_deg,φ,36.6,9.476452127034019,0.5062462819750149,0.49375371802498513,840,0.0,36,36,5,8,-1,128,1,256,41,32,32,16,1.0471975511965976,1358.6731707317074
rotation,geometric,angle_deg,φ,45.5,9.36272994121296,0.5110053539559786,0.48899464604402143,840,0.0,36,36,5,8,-1,128,1,256,41,32,32,16,1.0471975511965976,1358.6731707317074
rotation,geometric,angle_deg,φ,54.4,9.518450573266135,0.4991076740035693,0.5008923259964306,840,0.0,36,36,5,8,-1,128,1,256,41,32,32,16,1.0471975511965976,1358.6731707317074
rotation,geometric,angle_deg,φ,63.3,9.8501768888814,0.47888161808447355,0.5211183819155265,840,0.0,36,36,5,8,-1,128,1,256,41,32,32,16,1.0471975511965976,1358.6731707317074
rotation,geometric,angle_deg,φ,72.2,10.151316397617167,0.48483045806067815,0.5151695419393219,840,0.0,36,36,5,8,-1,128,1,256,41,32,32,16,1.0471975511965976,1358.6731707317074
rotation,geometric,angle_deg,φ,81.1,10.52091313107746,0.4955383700178465,0.5044616299821535,840,0.0,36,36,5,8,-1,128,1,256,41,32,32,16,1.0471975511965976,1358.6731707317074
rotation,geometric,angle_deg,φ,90,10.680766090234709,0.5002974419988102,0.4997025580011898,840,0.0,36,36,5,8,-1,128,1,256,41,32,32,16,1.0471975511965976,1358.6731707317074
scale_rest,geometric,scale_factor,k,0.55,26.107466372482754,0.6383105294467579,0.3616894705532421,840,0.0,36,36,5,8,-1,128,1,256,41,32,32,16,1.0471975511965976,1358.6731707317074
scale_rest,geometric,scale_factor,k,0.7,27.56699004856715,0.7560975609756098,0.24390243902439024,840,0.0,36,36,5,8,-1,128,1,256,41,32,32,16,1.0471975511965976,1358.6731707317074
scale_rest,geometric,scale_factor,k,0.85,29.079691915854816,0.8036882807852469,0.1963117192147531,840,0.0,36,36,5,8,-1,128,1,256,41,32,32,16,1.0471975511965976,1358.6731707317074
scale_rest,geometric,scale_factor,k,1,inf,0.8441403926234384,0.15585960737656157,840,0.0,36,36,5,8,-1,128,1,256,41,32,32,16,1.0471975511965976,1358.6731707317074
scale_rest,geometric,scale_factor,k,1.15,31.038017136187015,0.8370017846519928,0.16299821534800718,840,0.0,36,36,5,8,-1,128,1,256,41,32,32,16,1.0471975511965976,1358.6731707317074
scale_rest,geometric,scale_factor,k,1.3,31.172119582500176,0.8405710886377157,0.15942891136228432,840,0.0,36,36,5,8,-1,128,1,256,41,32,32,16,1.0471975511965976,1358.6731707317074
scale_rest,geometric,scale_factor,k,1.45,31.22985909418802,0.8381915526472338,0.16180844735276623,840,0.0,36,36,5,8,-1,128,1,256,41,32,32,16,1.0471975511965976,1358.6731707317074
scale,geometric,scale_factor,k,0.55,6.995136843092409,0.4860202260559191,0.5139797739440809,840,0.0,36,36,5,8,-1,128,1,256,41,32,32,16,1.0471975511965976,1358.6731707317074
scale,geometric,scale_factor,k,0.7,8.112761936533511,0.47888161808447355,0.5211183819155265,840,0.0,36,36,5,8,-1,128,1,256,41,32,32,16,1.0471975511965976,1358.6731707317074
scale,geometric,scale_factor,k,0.85,9.947492283195405,0.4955383700178465,0.5044616299821535,840,0.0,36,36,5,8,-1,128,1,256,41,32,32,16,1.0471975511965976,1358.6731707317074
scale,geometric,scale_factor,k,1,inf,0.8441403926234384,0.15585960737656157,840,0.0,36,36,5,8,-1,128,1,256,41,32,32,16,1.0471975511965976,1358.6731707317074
scale,geometric,scale_factor,k,1.15,12.639897079483672,0.4895895300416419,0.510410469958358,840,0.0,36,36,5,8,-1,128,1,256,41,32,32,16,1.0471975511965976,1358.6731707317074
scale,geometric,scale_factor,k,1.3,11.632198790556634,0.5181439619274242,0.4818560380725758,840,0.0,36,36,5,8,-1,128,1,256,41,32,32,16,1.0471975511965976,1358.6731707317074
scale,geometric,scale_factor,k,1.45,11.212888548835071,0.5098155859607376,0.4901844140392624,840,0.0,36,36,5,8,-1,128,1,256,41,32,32,16,1.0471975511965976,1358.6731707317074
cut,geometric,area_fraction,ϑ,0.2,11.929432176171282,0.8132064247471743,0.1867935752528257,840,0.0,36,36,5,8,-1,128,1,256,41,32,32,16,1.0471975511965976,1358.6731707317074
cut,geometric,area_fraction,ϑ,0.3,10.21587320515555,0.7870315288518739,0.21296847114812612,840,0.0,36,36,5,8,-1,128,1,256,41,32,32,16,1.0471975511965976,1358.6731707317074
cut,geometric,area_fraction,ϑ,0.4,9.044255152834086,0.7656157049375372,0.23438429506246283,840,0.0,36,36,5,8,-1,128,1,256,41,32,32,16,1.0471975511965976,1358.6731707317074
cut,geometric,area_fraction,ϑ,0.5,8.151513591866697,0.752528256989887,0.247471743010113,840,0.0,36,36,5,8,-1,128,1,256,41,32,32,16,1.0471975511965976,1358.6731707317074
cut,geometric,area_fraction,ϑ,0.6,7.453776580700277,0.734681737061273,0.26531826293872696,840,0.0,36,36,5,8,-1,128,1,256,41,32,32,16,1.0471975511965976,1358.6731707317074
cut,geometric,area_fraction,ϑ,0.7,6.903657972956716,0.7323022010707912,0.26769779892920875,840,0.0,36,36,5,8,-1,128,1,256,41,32,32,16,1.0471975511965976,1358.6731707317074
cut,geometric,area_fraction,ϑ,0.8,6.446655392133644,0.6966091612135633,0.3033908387864367,840,0.0,36,36,5,8,-1,128,1,256,41,32,32,16,1.0471975511965976,1358.6731707317074
cut,geometric,area_fraction,ϑ,0.9,6.066010543331382,0.6311719214753123,0.3688280785246877,840,0.0,36,36,5,8,-1,128,1,256,41,32,32,16,1.0471975511965976,1358.6731707317074
shift,geometric,shift_fraction,r,0.02,12.512810486449737,0.49791790600832836,0.5020820939916717,840,0.0,36,36,5,8,-1,128,1,256,41,32,32,16,1.0471975511965976,1358.6731707317074
shift,geometric,shift_fraction,r,0.04,11.09277620865523,0.5026769779892921,0.4973230220107079,840,0.0,36,36,5,8,-1,128,1,256,41,32,32,16,1.0471975511965976,1358.6731707317074
shift,geometric,shift_fraction,r,0.06,10.566376019483313,0.5026769779892921,0.4973230220107079,840,0.0,36,36,5,8,-1,128,1,256,41,32,32,16,1.0471975511965976,1358.6731707317074
shift,geometric,shift_fraction,r,0.08,9.945572564969556,0.5002974419988102,0.4997025580011898,840,0.0,36,36,5,8,-1,128,1,256,41,32,32,16,1.0471975511965976,1358.6731707317074
shift,geometric,shift_fraction,r,0.1,9.494308779445491,0.5062462819750149,0.49375371802498513,840,0.0,36,36,5,8,-1,128,1,256,41,32,32,16,1.0471975511965976,1358.6731707317074
shift,geometric,shift_fraction,r,0.12,9.243290289585243,0.5133848899464605,0.4866151100535395,840,0.0,36,36,5,8,-1,128,1,256,41,32,32,16,1.0471975511965976,1358.6731707317074
shift,geometric,shift_fraction,r,0.14,9.073918580939372,0.4955383700178465,0.5044616299821535,840,0.0,36,36,5,8,-1,128,1,256,41,32,32,16,1.0471975511965976,1358.6731707317074
shift,geometric,shift_fraction,r,0.16,8.931912914351898,0.48839976204640095,0.5116002379535991,840,0.0,36,36,5,8,-1,128,1,256,41,32,32,16,1.0471975511965976,1358.6731707317074
shift,geometric,shift_fraction,r,0.18,8.820928511999714,0.4943486020226056,0.5056513979773944,840,0.0,36,36,5,8,-1,128,1,256,41,32,32,16,1.0471975511965976,1358.6731707317074
shift,geometric,shift_fraction,r,0.2,8.723529289368974,0.4991076740035693,0.5008923259964306,840,0.0,36,36,5,8,-1,128,1,256,41,32,32,16,1.0471975511965976,1358.6731707317074
smooth,filtering,window_size,M,3,26.420513918759397,0.5883402736466389,0.4116597263533611,840,0.0,36,36,5,8,-1,128,1,256,41,32,32,16,1.0471975511965976,1358.6731707317074
smooth,filtering,window_size,M,5,24.05282542565903,0.4812611540749554,0.5187388459250446,840,0.0,36,36,5,8,-1,128,1,256,41,32,32,16,1.0471975511965976,1358.6731707317074
smooth,filtering,window_size,M,7,23.056498884649727,0.5217132659131469,0.47828673408685307,840,0.0,36,36,5,8,-1,128,1,256,41,32,32,16,1.0471975511965976,1358.6731707317074
smooth,filtering,window_size,M,9,22.33016737853427,0.5217132659131469,0.47828673408685307,840,0.0,36,36,5,8,-1,128,1,256,41,32,32,16,1.0471975511965976,1358.6731707317074
smooth,filtering,window_size,M,11,21.754088062998562,0.5133848899464605,0.4866151100535395,840,0.0,36,36,5,8,-1,128,1,256,41,32,32,16,1.0471975511965976,1358.6731707317074
smooth,filtering,window_size,M,13,21.276286214171574,0.5026769779892921,0.4973230220107079,840,0.0,36,36,5,8,-1,128,1,256,41,32,32,16,1.0471975511965976,1358.6731707317074
smooth,filtering,window_size,M,15,20.869232355006947,0.4907792980368828,0.5092207019631172,840,0.0,36,36,5,8,-1,128,1,256,41,32,32,16,1.0471975511965976,1358.6731707317074
gauss_blur,filtering,sigma,σ,1,26.611968574922912,0.7394408090422367,0.26055919095776325,840,0.0,36,36,5,8,-1,128,1,256,41,32,32,16,1.0471975511965976,1358.6731707317074
gauss_blur,filtering,sigma,σ,1.5,24.72758821445754,0.5907198096371208,0.4092801903628792,840,0.0,36,36,5,8,-1,128,1,256,41,32,32,16,1.0471975511965976,1358.6731707317074
gauss_blur,filtering,sigma,σ,2,23.69946040599271,0.5466983938132064,0.4533016061867936,840,0.0,36,36,5,8,-1,128,1,256,41,32,32,16,1.0471975511965976,1358.6731707317074
gauss_blur,filtering,sigma,σ,2.5,23.000933309844264,0.5038667459845331,0.49613325401546693,840,0.0,36,36,5,8,-1,128,1,256,41,32,32,16,1.0471975511965976,1358.6731707317074
gauss_blur,filtering,sigma,σ,3,22.447579370902353,0.48839976204640095,0.5116002379535991,840,0.0,36,36,5,8,-1,128,1,256,41,32,32,16,1.0471975511965976,1358.6731707317074
gauss_blur,filtering,sigma,σ,3.5,22.0017125836741,0.5026769779892921,0.4973230220107079,840,0.0,36,36,5,8,-1,128,1,256,41,32,32,16,1.0471975511965976,1358.6731707317074
gauss_blur,filtering,sigma,σ,4,21.6126872127529,0.5014872099940512,0.49851279000594884,840,0.0,36,36,5,8,-1,128,1,256,41,32,32,16,1.0471975511965976,1358.6731707317074
sharpen,filtering,window_size,M,3,15.266546630516807,0.8560380725758477,0.14396192742415226,840,0.0,36,36,5,8,-1,128,1,256,41,32,32,16,1.0471975511965976,1358.6731707317074
sharpen,filtering,window_size,M,5,14.006767526016281,0.8679357525282569,0.13206424747174306,840,0.0,36,36,5,8,-1,128,1,256,41,32,32,16,1.0471975511965976,1358.6731707317074
sharpen,filtering,window_size,M,7,13.562940557056894,0.8655562165377751,0.13444378346222485,840,0.0,36,36,5,8,-1,128,1,256,41,32,32,16,1.0471975511965976,1358.6731707317074
sharpen,filtering,window_size,M,9,13.256134483485146,0.8596073765615705,0.1403926234384295,840,0.0,36,36,5,8,-1,128,1,256,41,32,32,16,1.0471975511965976,1358.6731707317074
sharpen,filtering,window_size,M,11,13.028904638896947,0.8548483045806068,0.1451516954193932,840,0.0,36,36,5,8,-1,128,1,256,41,32,32,16,1.0471975511965976,1358.6731707317074
sharpen,filtering,window_size,M,13,12.85917524694582,0.8548483045806068,0.1451516954193932,840,0.0,36,36,5,8,-1,128,1,256,41,32,32,16,1.0471975511965976,1358.6731707317074
sharpen,filtering,window_size,M,15,12.729305755057794,0.8548483045806068,0.1451516954193932,840,0.0,36,36,5,8,-1,128,1,256,41,32,32,16,1.0471975511965976,1358.6731707317074
median,filtering,window_size,M,3,26.582020662720897,0.6085663295657346,0.39143367043426536,840,0.0,36,36,5,8,-1,128,1,256,41,32,32,16,1.0471975511965976,1358.6731707317074
median,filtering,window_size,M,5,24.254284371511318,0.5264723378941106,0.47352766210588937,840,0.0,36,36,5,8,-1,128,1,256,41,32,32,16,1.0471975511965976,1358.6731707317074
median,filtering,window_size,M,7,23.307837744159905,0.5229030339083879,0.4770969660916121,840,0.0,36,36,5,8,-1,128,1,256,41,32,32,16,1.0471975511965976,1358.6731707317074
median,filtering,window_size,M,9,22.58500705149691,0.4907792980368828,0.5092207019631172,840,0.0,36,36,5,8,-1,128,1,256,41,32,32,16,1.0471975511965976,1358.6731707317074
median,filtering,window_size,M,11,22.003377802127538,0.4943486020226056,0.5056513979773944,840,0.0,36,36,5,8,-1,128,1,256,41,32,32,16,1.0471975511965976,1358.6731707317074
median,filtering,window_size,M,13,21.536931456713653,0.5074360499702558,0.4925639500297442,840,0.0,36,36,5,8,-1,128,1,256,41,32,32,16,1.0471975511965976,1358.6731707317074
median,filtering,window_size,M,15,21.147945780369373,0.5026769779892921,0.4973230220107079,840,0.0,36,36,5,8,-1,128,1,256,41,32,32,16,1.0471975511965976,1358.6731707317074
wh_noise,noise,variance,Dξ,400,22.28658198907873,0.702558001189768,0.29744199881023203,840,0.0,36,36,5,8,-1,128,1,256,41,32,32,16,1.0471975511965976,1358.6731707317074
wh_noise,noise,variance,Dξ,500,21.339621101439672,0.6823319452706722,0.3176680547293278,840,0.0,36,36,5,8,-1,128,1,256,41,32,32,16,1.0471975511965976,1358.6731707317074
wh_noise,noise,variance,Dξ,600,20.568380987913628,0.6680547293277811,0.3319452706722189,840,0.0,36,36,5,8,-1,128,1,256,41,32,32,16,1.0471975511965976,1358.6731707317074
wh_noise,noise,variance,Dξ,700,19.91874500768275,0.6609161213563355,0.3390838786436645,840,0.0,36,36,5,8,-1,128,1,256,41,32,32,16,1.0471975511965976,1358.6731707317074
wh_noise,noise,variance,Dξ,800,19.35798587762472,0.6549672813801308,0.34503271861986917,840,0.0,36,36,5,8,-1,128,1,256,41,32,32,16,1.0471975511965976,1358.6731707317074
wh_noise,noise,variance,Dξ,900,18.865366926771152,0.6454491374182034,0.3545508625817966,840,0.0,36,36,5,8,-1,128,1,256,41,32,32,16,1.0471975511965976,1358.6731707317074
wh_noise,noise,variance,Dξ,1000,18.42651923670671,0.6383105294467579,0.3616894705532421,840,0.0,36,36,5,8,-1,128,1,256,41,32,32,16,1.0471975511965976,1358.6731707317074
salt_pepper,noise,noise_fraction,q,0.05,18.311619946413526,0.6573468173706127,0.34265318262938727,840,0.0,36,36,5,8,-1,128,1,256,41,32,32,16,1.0471975511965976,1358.6731707317074
salt_pepper,noise,noise_fraction,q,0.1,15.297861507699517,0.5990481856038072,0.40095181439619276,840,0.0,36,36,5,8,-1,128,1,256,41,32,32,16,1.0471975511965976,1358.6731707317074
salt_pepper,noise,noise_fraction,q,0.15,13.526409970612042,0.5752528256989887,0.4247471743010113,840,0.0,36,36,5,8,-1,128,1,256,41,32,32,16,1.0471975511965976,1358.6731707317074
salt_pepper,noise,noise_fraction,q,0.2,12.279715263544826,0.5740630577037478,0.42593694229625223,840,0.0,36,36,5,8,-1,128,1,256,41,32,32,16,1.0471975511965976,1358.6731707317074
salt_pepper,noise,noise_fraction,q,0.25,11.300443362278303,0.5633551457465794,0.4366448542534206,840,0.0,36,36,5,8,-1,128,1,256,41,32,32,16,1.0471975511965976,1358.6731707317074
salt_pepper,noise,noise_fraction,q,0.3,10.514051332441404,0.5478881618084473,0.45211183819155265,840,0.0,36,36,5,8,-1,128,1,256,41,32,32,16,1.0471975511965976,1358.6731707317074
salt_pepper,noise,noise_fraction,q,0.35,9.84549330680332,0.5431290898274836,0.45687091017251635,840,0.0,36,36,5,8,-1,128,1,256,41,32,32,16,1.0471975511965976,1358.6731707317074
salt_pepper,noise,noise_fraction,q,0.4,9.261574512715068,0.5336109458655562,0.46638905413444376,840,0.0,36,36,5,8,-1,128,1,256,41,32,32,16,1.0471975511965976,1358.6731707317074
salt_pepper,noise,noise_fraction,q,0.45,8.752761810134215,0.5443188578227246,0.4556811421772754,840,0.0,36,36,5,8,-1,128,1,256,41,32,32,16,1.0471975511965976,1358.6731707317074
salt_pepper,noise,noise_fraction,q,0.5,8.289676529687704,0.5193337299226651,0.48066627007733487,840,0.0,36,36,5,8,-1,128,1,256,41,32,32,16,1.0471975511965976,1358.6731707317074
jpeg,compression,quality_factor,F,30,28.197649771006258,0.6038072575847709,0.39619274241522906,840,0.0,36,36,5,8,-1,128,1,256,41,32,32,16,1.0471975511965976,1358.6731707317074
jpeg,compression,quality_factor,F,40,29.0562176102667,0.6276026174895896,0.37239738251041044,840,0.0,36,36,5,8,-1,128,1,256,41,32,32,16,1.0471975511965976,1358.6731707317074
jpeg,compression,quality_factor,F,50,29.841372238078065,0.6466389054134444,0.3533610945865556,840,0.0,36,36,5,8,-1,128,1,256,41,32,32,16,1.0471975511965976,1358.6731707317074
jpeg,compression,quality_factor,F,60,30.69833957019775,0.6585365853658537,0.3414634146341463,840,0.0,36,36,5,8,-1,128,1,256,41,32,32,16,1.0471975511965976,1358.6731707317074
jpeg,compression,quality_factor,F,70,31.96060215807096,0.6728138013087448,0.3271861986912552,840,0.0,36,36,5,8,-1,128,1,256,41,32,32,16,1.0471975511965976,1358.6731707317074
jpeg,compression,quality_factor,F,80,34.0075486365559,0.7227840571088637,0.27721594289113627,840,0.0,36,36,5,8,-1,128,1,256,41,32,32,16,1.0471975511965976,1358.6731707317074
jpeg,compression,quality_factor,F,90,38.23706754783629,0.7858417608566329,0.21415823914336707,840,0.0,36,36,5,8,-1,128,1,256,41,32,32,16,1.0471975511965976,1358.6731707317074
