attack,group,parameter_name,parameter_symbol,parameter_value,psnr_watermarked_vs_attacked,accuracy,ber,predicted_ones,threshold,blocks_used,available_blocks,start_x,start_y,phase_sign,extract_stride
contrast,pixel_value,alpha,α,0.7,16.02002547505353,0.9387755102040817,0.061224489795918324,98,0.0,196,196,5,8,-1,32
contrast,pixel_value,alpha,α,0.8,19.514271098673067,0.9387755102040817,0.061224489795918324,98,0.0,196,196,5,8,-1,32
contrast,pixel_value,alpha,α,0.9,25.38372412100756,0.9387755102040817,0.061224489795918324,98,-8.673617379884035e-17,196,196,5,8,-1,32
contrast,pixel_value,alpha,α,1,inf,0.9387755102040817,0.061224489795918324,98,0.0,196,196,5,8,-1,32
contrast,pixel_value,alpha,α,1.1,25.93283325196902,0.9387755102040817,0.061224489795918324,98,0.0,196,196,5,8,-1,32
contrast,pixel_value,alpha,α,1.2,19.809629960908108,0.9285714285714286,0.0714285714285714,98,0.0,196,196,5,8,-1,32
contrast,pixel_value,alpha,α,1.3,16.553359418260293,0.9285714285714286,0.0714285714285714,98,-6.288372600415926e-17,196,196,5,8,-1,32
rot_rest,geometric,angle_deg,φ,0,inf,0.9387755102040817,0.061224489795918324,98,0.0,196,196,5,8,-1,32
rot_rest,geometric,angle_deg,φ,7,36.122116811662515,0.8877551020408163,0.11224489795918369,98,0.0,196,196,5,8,-1,32
rot_rest,geometric,angle_deg,φ,14,36.31656906427391,0.8877551020408163,0.11224489795918369,98,0.0,196,196,5,8,-1,32
rot_rest,geometric,angle_deg,φ,21,36.42134250691064,0.8877551020408163,0.11224489795918369,98,6.765421556309548e-17,196,196,5,8,-1,32
rot_rest,geometric,angle_deg,φ,28,36.55952553608539,0.8877551020408163,0.11224489795918369,98,0.0,196,196,5,8,-1,32
rot_rest,geometric,angle_deg,φ,35,36.664838496315866,0.8979591836734694,0.10204081632653061,98,0.0,196,196,5,8,-1,32
rot_rest,geometric,angle_deg,φ,42,36.66327960898707,0.8979591836734694,0.10204081632653061,98,0.0,196,196,5,8,-1,32
rotation,geometric,angle_deg,φ,1,21.149907482871363,0.5102040816326531,0.4897959183673469,98,-3.469446951953614e-18,196,196,5,8,-1,32
rotation,geometric,angle_deg,φ,9.9,12.446767425120894,0.4897959183673469,0.5102040816326531,98,0.0,196,196,5,8,-1,32
rotation,geometric,angle_deg,φ,18.8,11.272572427837492,0.5306122448979592,0.4693877551020408,98,5.204170427930421e-18,196,196,5,8,-1,32
rotation,geometric,angle_deg,φ,27.7,10.781027230145465,0.5306122448979592,0.4693877551020408,98,0.0,196,196,5,8,-1,32
rotation,geometric,angle_deg,φ,36.6,10.508701886872974,0.5,0.5,98,0.0,196,196,5,8,-1,32
rotation,geometric,angle_deg,φ,45.5,10.432913141716941,0.5204081632653061,0.47959183673469385,98,0.0,196,196,5,8,-1,32
rotation,geometric,angle_deg,φ,54.4,10.266592049077271,0.4897959183673469,0.5102040816326531,98,5.204170427930421e-18,196,196,5,8,-1,32
rotation,geometric,angle_deg,φ,63.3,10.171841513531481,0.5306122448979592,0.4693877551020408,98,0.0,196,196,5,8,-1,32
rotation,geometric,angle_deg,φ,72.2,10.415953053992514,0.5306122448979592,0.4693877551020408,98,0.0,196,196,5,8,-1,32
rotation,geometric,angle_deg,φ,81.1,10.667518766878754,0.5510204081632653,0.44897959183673475,98,0.0,196,196,5,8,-1,32
rotation,geometric,angle_deg,φ,90,11.168038218429269,0.5,0.5,98,1.1709383462843448e-17,196,196,5,8,-1,32
scale_rest,geometric,scale_factor,k,0.55,29.717933616540403,0.6632653061224489,0.33673469387755106,98,0.0,196,196,5,8,-1,32
scale_rest,geometric,scale_factor,k,0.7,27.041401040354035,0.7346938775510204,0.26530612244897955,98,0.0,196,196,5,8,-1,32
scale_rest,geometric,scale_factor,k,0.85,36.32720505122231,0.8673469387755102,0.13265306122448983,98,0.0,196,196,5,8,-1,32
scale_rest,geometric,scale_factor,k,1,inf,0.9387755102040817,0.061224489795918324,98,0.0,196,196,5,8,-1,32
scale_rest,geometric,scale_factor,k,1.15,38.3610326146063,0.8979591836734694,0.10204081632653061,98,-6.604146483152329e-17,196,196,5,8,-1,32
scale_rest,geometric,scale_factor,k,1.3,38.519029699384916,0.8979591836734694,0.10204081632653061,98,0.0,196,196,5,8,-1,32
scale_rest,geometric,scale_factor,k,1.45,38.58907070271276,0.8877551020408163,0.11224489795918369,98,6.722053469410127e-17,196,196,5,8,-1,32
scale,geometric,scale_factor,k,0.55,6.743207407590538,0.5102040816326531,0.4897959183673469,98,1.0408340855860843e-17,196,196,5,8,-1,32
scale,geometric,scale_factor,k,0.7,7.63582551470274,0.45918367346938777,0.5408163265306123,98,0.0,196,196,5,8,-1,32
scale,geometric,scale_factor,k,0.85,9.803781499232358,0.5102040816326531,0.4897959183673469,98,0.0,196,196,5,8,-1,32
scale,geometric,scale_factor,k,1,inf,0.9387755102040817,0.061224489795918324,98,0.0,196,196,5,8,-1,32
scale,geometric,scale_factor,k,1.15,13.96591946357015,0.4489795918367347,0.5510204081632653,98,0.0,196,196,5,8,-1,32
scale,geometric,scale_factor,k,1.3,13.011112890580613,0.4897959183673469,0.5102040816326531,98,-3.0357660829594124e-18,196,196,5,8,-1,32
scale,geometric,scale_factor,k,1.45,12.242057552826298,0.5306122448979592,0.4693877551020408,98,0.0,196,196,5,8,-1,32
cut,geometric,area_fraction,ϑ,0.2,12.646369066811262,0.9387755102040817,0.061224489795918324,98,0.0,196,196,5,8,-1,32
cut,geometric,area_fraction,ϑ,0.3,10.910078089147838,0.9489795918367347,0.05102040816326525,98,2.992397996059992e-17,196,196,5,8,-1,32
cut,geometric,area_fraction,ϑ,0.4,9.699017707632256,0.9489795918367347,0.05102040816326525,98,3.903127820947816e-17,196,196,5,8,-1,32
cut,geometric,area_fraction,ϑ,0.5,8.835050538838349,0.9285714285714286,0.0714285714285714,98,0.0,196,196,5,8,-1,32
cut,geometric,area_fraction,ϑ,0.6,8.029410049043147,0.9591836734693877,0.04081632653061229,98,-1.214306433183765e-17,196,196,5,8,-1,32
cut,geometric,area_fraction,ϑ,0.7,7.19819360093418,0.8775510204081632,0.12244897959183676,98,0.0,196,196,5,8,-1,32
cut,geometric,area_fraction,ϑ,0.8,6.557538510612115,0.9183673469387755,0.08163265306122447,98,0.0,196,196,5,8,-1,32
cut,geometric,area_fraction,ϑ,0.9,6.074392791904959,0.7448979591836735,0.2551020408163265,98,0.0,196,196,5,8,-1,32
shift,geometric,shift_fraction,r,0.02,14.2880080308162,0.5,0.5,98,0.0,196,196,5,8,-1,32
shift,geometric,shift_fraction,r,0.04,12.034062296690388,0.46938775510204084,0.5306122448979591,98,0.0,196,196,5,8,-1,32
shift,geometric,shift_fraction,r,0.06,10.80656358083081,0.5102040816326531,0.4897959183673469,98,0.0,196,196,5,8,-1,32
shift,geometric,shift_fraction,r,0.08,10.15046839519049,0.4897959183673469,0.5102040816326531,98,0.0,196,196,5,8,-1,32
shift,geometric,shift_fraction,r,0.1,9.645359129685993,0.4897959183673469,0.5102040816326531,98,-1.734723475976807e-18,196,196,5,8,-1,32
shift,geometric,shift_fraction,r,0.12,9.272566211691851,0.41836734693877553,0.5816326530612245,98,0.0,196,196,5,8,-1,32
shift,geometric,shift_fraction,r,0.14,9.083098759773542,0.5102040816326531,0.4897959183673469,98,-5.204170427930421e-18,196,196,5,8,-1,32
shift,geometric,shift_fraction,r,0.16,8.91083036672565,0.45918367346938777,0.5408163265306123,98,0.0,196,196,5,8,-1,32
shift,geometric,shift_fraction,r,0.18,8.737410744109,0.5816326530612245,0.41836734693877553,98,0.0,196,196,5,8,-1,32
shift,geometric,shift_fraction,r,0.2,8.602960257657113,0.5306122448979592,0.4693877551020408,98,0.0,196,196,5,8,-1,32
smooth,filtering,window_size,M,3,33.628128529717294,0.7551020408163265,0.24489795918367352,98,-4.5102810375396984e-17,196,196,5,8,-1,32
smooth,filtering,window_size,M,5,29.565090493532665,0.37755102040816324,0.6224489795918368,98,0.0,196,196,5,8,-1,32
smooth,filtering,window_size,M,7,27.485637769026287,0.5408163265306123,0.4591836734693877,98,7.697835424647081e-18,196,196,5,8,-1,32
smooth,filtering,window_size,M,9,26.155967753598613,0.4387755102040816,0.5612244897959184,98,0.0,196,196,5,8,-1,32
smooth,filtering,window_size,M,11,25.186004271855094,0.45918367346938777,0.5408163265306123,98,0.0,196,196,5,8,-1,32
smooth,filtering,window_size,M,13,24.41018895810292,0.5204081632653061,0.47959183673469385,98,0.0,196,196,5,8,-1,32
smooth,filtering,window_size,M,15,23.76135193650551,0.4897959183673469,0.5102040816326531,98,0.0,196,196,5,8,-1,32
gauss_blur,filtering,sigma,σ,1,33.08697906292241,0.7755102040816326,0.22448979591836737,98,0.0,196,196,5,8,-1,32
gauss_blur,filtering,sigma,σ,1.5,30.13469038218393,0.673469387755102,0.326530612244898,98,3.7730235602495554e-17,196,196,5,8,-1,32
gauss_blur,filtering,sigma,σ,2,28.336287003972522,0.5612244897959183,0.4387755102040817,98,0.0,196,196,5,8,-1,32
gauss_blur,filtering,sigma,σ,2.5,27.118879624534536,0.5204081632653061,0.47959183673469385,98,0.0,196,196,5,8,-1,32
gauss_blur,filtering,sigma,σ,3,26.175052900536564,0.5102040816326531,0.4897959183673469,98,0.0,196,196,5,8,-1,32
gauss_blur,filtering,sigma,σ,3.5,25.437159484551092,0.4387755102040816,0.5612244897959184,98,0.0,196,196,5,8,-1,32
gauss_blur,filtering,sigma,σ,4,24.805597363073637,0.4897959183673469,0.5102040816326531,98,7.37257477290143e-18,196,196,5,8,-1,32
sharpen,filtering,window_size,M,3,20.77857408922114,0.9489795918367347,0.05102040816326525,98,0.0,196,196,5,8,-1,32
sharpen,filtering,window_size,M,5,18.230683245500906,0.9591836734693877,0.04081632653061229,98,0.0,196,196,5,8,-1,32
sharpen,filtering,window_size,M,7,17.0824248821807,0.9591836734693877,0.04081632653061229,98,6.028164079019405e-17,196,196,5,8,-1,32
sharpen,filtering,window_size,M,9,16.34006567651722,0.9693877551020408,0.030612244897959218,98,-6.245004513516506e-17,196,196,5,8,-1,32
sharpen,filtering,window_size,M,11,15.788808719957641,0.9591836734693877,0.04081632653061229,98,0.0,196,196,5,8,-1,32
sharpen,filtering,window_size,M,13,15.351060973456933,0.9591836734693877,0.04081632653061229,98,-6.418476861114186e-17,196,196,5,8,-1,32
sharpen,filtering,window_size,M,15,14.991490461425204,0.9591836734693877,0.04081632653061229,98,0.0,196,196,5,8,-1,32
median,filtering,window_size,M,3,35.43594352252825,0.7755102040816326,0.22448979591836737,98,-6.028164079019405e-17,196,196,5,8,-1,32
median,filtering,window_size,M,5,31.300195674085245,0.3979591836734694,0.6020408163265306,98,0.0,196,196,5,8,-1,32
median,filtering,window_size,M,7,29.145571221322474,0.5,0.5,98,0.0,196,196,5,8,-1,32
median,filtering,window_size,M,9,27.830926167845817,0.4897959183673469,0.5102040816326531,98,0.0,196,196,5,8,-1,32
median,filtering,window_size,M,11,26.867121705010465,0.5,0.5,98,0.0,196,196,5,8,-1,32
median,filtering,window_size,M,13,26.075639446765354,0.5612244897959183,0.4387755102040817,98,0.0,196,196,5,8,-1,32
median,filtering,window_size,M,15,25.37489671638134,0.5408163265306123,0.4591836734693877,98,0.0,196,196,5,8,-1,32
wh_noise,noise,variance,Dξ,400,22.142999071054092,0.8061224489795918,0.19387755102040816,98,0.0,196,196,5,8,-1,32
wh_noise,noise,variance,Dξ,500,21.191704251755404,0.7857142857142857,0.2142857142857143,98,7.177418381854039e-17,196,196,5,8,-1,32
wh_noise,noise,variance,Dξ,600,20.419241533289334,0.7653061224489796,0.23469387755102045,98,-6.917209860457518e-17,196,196,5,8,-1,32
wh_noise,noise,variance,Dξ,700,19.769985607345134,0.7653061224489796,0.23469387755102045,98,6.591949208711867e-17,196,196,5,8,-1,32
wh_noise,noise,variance,Dξ,800,19.211184845328205,0.7448979591836735,0.2551020408163265,98,0.0,196,196,5,8,-1,32
wh_noise,noise,variance,Dξ,900,18.720876889825256,0.7346938775510204,0.26530612244897955,98,0.0,196,196,5,8,-1,32
wh_noise,noise,variance,Dξ,1000,18.285023210705546,0.7244897959183674,0.2755102040816326,98,0.0,196,196,5,8,-1,32
salt_pepper,noise,noise_fraction,q,0.05,18.4357015294711,0.7244897959183674,0.2755102040816326,98,0.0,196,196,5,8,-1,32
salt_pepper,noise,noise_fraction,q,0.1,15.430434436922988,0.6632653061224489,0.33673469387755106,98,0.0,196,196,5,8,-1,32
salt_pepper,noise,noise_fraction,q,0.15,13.667596962184154,0.6020408163265306,0.3979591836734694,98,1.805196617188365e-17,196,196,5,8,-1,32
salt_pepper,noise,noise_fraction,q,0.2,12.432527546569712,0.5612244897959183,0.4387755102040817,98,0.0,196,196,5,8,-1,32
salt_pepper,noise,noise_fraction,q,0.25,11.475113855782155,0.5816326530612245,0.41836734693877553,98,0.0,196,196,5,8,-1,32
salt_pepper,noise,noise_fraction,q,0.3,10.662233760411295,0.5510204081632653,0.44897959183673475,98,0.0,196,196,5,8,-1,32
salt_pepper,noise,noise_fraction,q,0.35,9.99448889340827,0.6122448979591837,0.3877551020408163,98,-1.5829351718288365e-17,196,196,5,8,-1,32
salt_pepper,noise,noise_fraction,q,0.4,9.405519706419492,0.5,0.5,98,3.3068166260807885e-18,196,196,5,8,-1,32
salt_pepper,noise,noise_fraction,q,0.45,8.885542923963762,0.5408163265306123,0.4591836734693877,98,1.4094628242311558e-17,196,196,5,8,-1,32
salt_pepper,noise,noise_fraction,q,0.5,8.45083409028132,0.5714285714285714,0.4285714285714286,98,0.0,196,196,5,8,-1,32
jpeg,compression,quality_factor,F,30,34.143084248385726,0.5612244897959183,0.4387755102040817,98,2.6020852139652106e-17,196,196,5,8,-1,32
jpeg,compression,quality_factor,F,40,34.97408147998423,0.6224489795918368,0.37755102040816324,98,0.0,196,196,5,8,-1,32
jpeg,compression,quality_factor,F,50,35.63865296775434,0.6530612244897959,0.34693877551020413,98,-4.9873299934333204e-17,196,196,5,8,-1,32
jpeg,compression,quality_factor,F,60,36.282406318197644,0.6938775510204082,0.30612244897959184,98,0.0,196,196,5,8,-1,32
jpeg,compression,quality_factor,F,70,37.143788457386265,0.7346938775510204,0.26530612244897955,98,0.0,196,196,5,8,-1,32
jpeg,compression,quality_factor,F,80,38.354012272246656,0.7857142857142857,0.2142857142857143,98,0.0,196,196,5,8,-1,32
jpeg,compression,quality_factor,F,90,40.676662091109094,0.8979591836734694,0.10204081632653061,98,0.0,196,196,5,8,-1,32
